iter,diff_loss_last,impute_mse,impute_rmse,impute_mae,param_rmse_true,param_rmse_full,delta_mu,kl_diag_dvai_full,elbo_last
1,0.8835523672103882,0.9940087795257568,0.9969998598098755,0.795291006565094,0.06222164258360863,0.04008165001869202,0.003914983943104744,28.03097915649414,-1274.875
2,0.8779438972473145,0.9950900673866272,0.9975420236587524,0.7955632209777832,0.06210226193070412,0.040093548595905304,0.0031397007405757904,34.06361389160156,-1263.062255859375
3,0.8763031196594239,0.9980712532997131,0.9990351796150208,0.7966499924659729,0.061830636113882065,0.040070541203022,0.003238593926653266,38.56647872924805,-1260.793701171875
4,0.8748528356552124,1.0022798776626587,1.0011392831802368,0.7982394695281982,0.06161677464842796,0.040083371102809906,0.0025332344230264425,41.5059928894043,-1261.0008544921875
5,0.873506323337555,1.007233738899231,1.003610372543335,0.8001405596733093,0.06196695193648338,0.04024149850010872,0.0023006584960967302,42.43341064453125,-1261.40234375
